ModelName,Accuracy,True Positive Rate,Precision,Prevalence
LogisticRegression,0.8710257948410318,0.19196428571428573,0.5584415584415584,0.13437312537492502
KNN,0.8980203959208158,0.34375,0.77,0.13437312537492502
NaiveBayes,0.8584283143371326,0.39732142857142855,0.46842105263157896,0.13437312537492502
DecisionTreeClassifier,0.9268146370725855,0.7053571428571429,0.7383177570093458,0.13437312537492502
RandomForestClassifier,0.9610077984403119,0.7276785714285714,0.9760479041916168,0.13437312537492502
