"ModelName","Accuracy","TruePositiveRate","Precision","Prevalence"
"Logistic Regression",0.871025794841032,0.196428571428571,0.556962025316456,0.134373125374925
"KNN",0.894421115776845,0.285714285714286,0.8,0.134373125374925
"Naive Bayes",0.876424715056989,0.25,0.595744680851064,0.134373125374925
"Decision Tree Classifier",0.943611277744451,0.647321428571429,0.90625,0.134373125374925
"Decision Tree Classifier",0.958008398320336,0.709821428571429,0.969512195121951,0.134373125374925
